,0.2,0.4,0.6000000000000001,0.8,1.0,1.2000000000000002,1.4000000000000001,1.6,1.8,2.0,2.2,2.4000000000000004,2.6,2.8000000000000003,3.0,3.2,3.4000000000000004,3.6,3.8000000000000003,4.0,4.2,4.4,4.6000000000000005,4.800000000000001,5.0,5.2,5.4,5.6000000000000005,5.800000000000001,6.0,6.2,6.4,6.6000000000000005,6.800000000000001,7.0,7.2,7.4,7.6000000000000005,7.800000000000001,8.0,8.200000000000001,8.4,8.6,8.8,9.0,9.200000000000001,9.4,9.600000000000001,9.8,10.0,10.200000000000001,10.4,10.600000000000001,10.8,11.0,11.200000000000001,11.4,11.600000000000001,11.8,12.0,12.200000000000001,12.4,12.600000000000001,12.8,13.0,13.200000000000001,13.4,13.600000000000001,13.8,14.0,14.200000000000001,14.4,14.600000000000001,14.8,15.0,15.200000000000001,15.4,15.600000000000001,15.8,16.0,16.2,16.400000000000002,16.6,16.8,17.0,17.2,17.400000000000002,17.6,17.8,18.0,18.2,18.400000000000002,18.6,18.8,19.0,19.200000000000003,19.400000000000002,19.6,19.8,20.0
Australia,0.02,0.111166927630183,0.18393657976825464,0.224202434826191,0.2656244104541497,0.3102360020511245,0.3430308589009639,0.3676270015383433,0.38675733470074963,0.4020616012306747,0.4197530387061886,0.43642361881400615,0.4505294942898519,0.4626202446977197,0.47309889505120495,0.4822677141105046,0.49056821974390574,0.4983033186470221,0.5056664720094486,0.5125346561683727,0.5190711011127359,0.5250133237894298,0.5304388314507589,0.5354122134736439,0.5399877249346982,0.5442112739756713,0.5481219675321279,0.5517533258345519,0.5551342456333606,0.5582897707789152,0.5612417136570147,0.5640091601052329,0.5666088825262865,0.5690556800990428,0.5713626606676415,0.573541475649096,0.5756025168477691,0.5775550821938804,0.5794075159837809,0.5811673280841864,0.5828412956918891,0.584435550556368,0.5859556540318013,0.5874066618947149,0.5887931805192768,0.5901194157253795,0.5913892153907969,0.592606106736822,0.5937733290483154,0.594893862467349,0.5959704533993618,0.5955162586625911,0.5931480273670704,0.5908675083417544,0.5886699172809952,0.5865508116152631,0.5845060605342935,0.5825318181112885,0.5806244991602498,0.578780757507579,0.5769974664008973,0.5752717008137861,0.5736007214357894,0.5719819601633552,0.5704130069300728,0.5688915977341626,0.5674156037381303,0.5659830213302166,0.5645919630500685,0.5632406492922104,0.5619274007106301,0.5606506312563158,0.5594088417870512,0.5582006141953342,0.5570246060060632,0.5558795454007203,0.5547642266292823,0.5536775057750607,0.5526182968411991,0.5515855681306842,0.5505783388945029,0.5495956762250577,0.5486366921741535,0.5477005410768421,0.5467864170641734,0.5458935517494736,0.5450212120741924,0.544168698300622,0.5433353421399408,0.5425205050050527,0.5417235763786235,0.5409439722875515,0.5401811338758573,0.5394345260686674,0.5387036363205762,0.5379879734422368,0.5372870664995333,0.5366004637801504,0.5359277318227751,0.5352684545045473
Austria,0.1307,0.20790119646223348,0.2983623826257406,0.35338464976999784,0.3928477198159983,0.4191564331799986,0.440535943669095,0.46180645071045806,0.4827337652032627,0.5058114044895735,0.5256832238704383,0.5418409662099393,0.5551865008951836,0.5663952362463903,0.5759423282427347,0.5841717752512899,0.5913387511198539,0.5976365361516208,0.6032142099280846,0.6081886031710684,0.612652570437941,0.6166808404938076,0.6203342333489549,0.6236627523102095,0.6267078862747736,0.6295043479931309,0.6320814031868328,0.6344638986333581,0.6366730658692956,0.6387271556402666,0.640641943271437,0.6424311345920065,0.6441066945190052,0.6456791149629322,0.6471576347376089,0.648550421215019,0.6498647212702641,0.6511069874076253,0.6522829837016919,0.6533978752243829,0.6544563038850728,0.6554624530326851,0.6564201027157319,0.6573326771393083,0.6582032855749635,0.6590347577535354,0.6598296745898897,0.660590394942422,0.661319078991781,0.6620177087268517,0.6626881059471432,0.6633319481259052,0.6639507824247955,0.6645460381066024,0.6651190375556538,0.6656710060847746,0.6662030806818626,0.6667163178274788,0.667211700496564,0.6676901444419213,0.6681525038439765,0.6685995764001491,0.6690321079176276,0.6694507964651766,0.6698562961325921,0.6702492204403919,0.670630145437126,0.6709996125171922,0.6713581309881488,0.6717061804131204,0.6720442127509599,0.6723726543142428,0.672691907562936,0.6730023527496061,0.6733043494303087,0.6735982378537817,0.6738843402402246,0.6741629619597722,0.6744343926197184,0.6746989070686326,0.6749567663246848,0.6752082184347717,0.6754534992703858,0.6756928332655981,0.675926434102007,0.6761545053450454,0.6763772410356302,0.6765948262407704,0.6768074375664108,0.6770152436355095,0.6772184055340564,0.6774170772275222,0.6776114059499948,0.6778015325680736,0.677987591921408,0.6781697131416146,0.678348019951154,0.6785226309436243,0.678693659846803,0.6788612157696655
Belgium,0.3107326190059011,0.4135488429411882,0.47000659659336785,0.5154523017130024,0.547106137200457,0.5716395364091424,0.5867492766933011,0.5961160813080547,0.6034013737861964,0.6092296077687097,0.6139981628453115,0.6179719587424797,0.6213344014246989,0.6242164951523154,0.6267143097162498,0.6288998974596922,0.630828357233318,0.6325425436987631,0.6340762894836349,0.6354566606900196,0.6367055679719869,0.6378409382283206,0.6388775806362774,0.6398278361769046,0.6407020712742817,0.6415090575180142,0.6422562670029518,0.6429501043818224,0.643596090906978,0.6441990116637897,0.6447630343072587,0.6452918055355109,0.645788530022657,0.6462560354223238,0.646696826227724,0.6471131286550463,0.6475069282484593,0.6478800015474823,0.6482339428824527,0.6485701871506746,0.6488900292594711,0.6491946407916582,0.649485084345604,0.6497623259198251,0.650027245646303,0.6502806471238034,0.6505232655597084,0.6507557748941171,0.6509787940516113,0.6511928924428056,0.651398594818659,0.6515963855646719,0.6517867125089486,0.6519699903071408,0.6521466034581259,0.6523169089965761,0.6524812389020981,0.6526399022591538,0.6527931871973263,0.6529413626375596,0.6530846798666379,0.6532233739592942,0.6533576650648821,0.6534877595734203,0.6536138511740036,0.6537361218169934,0.6538547425900431,0.6539698745168268,0.6540816692863123,0.6541902699195268,0.6542958113799747,0.654398421133188,0.6544982196602859,0.6545953209298945,0.6546898328323137,0.6547818575794059,0.6548714920733272,0.6549588282468912,0.6550439533780866,0.6551269503810022,0.6552078980752037,0.6552868714354004,0.6553639418230622,0.6554391772014939,0.6555126423357274,0.6555843989784668,0.6556545060432125,0.6557230197655773,0.6557899938537319,0.6558554796288164,0.6559195261560967,0.6559821803675665,0.6560434871766394,0.656103489585519,0.6561622287857908,0.6562197442527234,0.65627607383374,0.6563312538314705,0.6563853190817722,0.6564383030270676
Canada,0.2921030611439071,0.3057489866328126,0.31026357758644446,0.32680801042684554,0.3347271992683532,0.33979305480657457,0.34680407237016075,0.3582639952821311,0.36725196333272414,0.3744899293577094,0.38219391416504345,0.39029418127020477,0.39717378884445437,0.40308932258092045,0.4083074238928413,0.41574743882036796,0.4224549935822574,0.42842835695507847,0.43378181804733956,0.4386071147873208,0.4429787346074348,0.44695778713939427,0.45059487844687934,0.45393227475101927,0.45700555244988506,0.45984487130579593,0.4624759675234521,0.4649209360725845,0.46719885265450833,0.46932627239286734,0.4713176328429675,0.4731855820736295,0.4749412475853619,0.476594458148955,0.47815392790781525,0.47962741002662773,0.4810218256058205,0.48234337238574826,0.48359761684296493,0.48478957256534305,0.48592376723323927,0.48700430009348017,0.48803489146412476,0.4890189255300437,0.4899594874666988,0.4908593957501493,0.49172123036610554,0.4925473575127158,0.4933399512952176,0.4941010128313146,0.4948323871207826,0.49553577797871134,0.496212761286819,0.49686479677977746,0.49749323855208305,0.49809934444463067,0.49868428444791996,0.4992491482400216,0.4997949519614866,0.500322644315823,0.5008331120725878,0.5013271850402485,0.5018056405674735,0.5022692076242119,0.5027185705076295,0.5031543722125216,0.5035772175011198,0.503987675703112,0.5043862832731375,0.5047735461299178,0.5051499417984674,0.5055159213744602,0.5058719113277386,0.5062183151601296,0.5065555149311128,0.5068838726634718,0.5072037316397989,0.5075154175996164,0.5078192398458872,0.5081154922688206,0.5084044542940924,0.5086863917619139,0.5089615577427601,0.5092301932950204,0.5094925281693384,0.5097487814639667,0.5099991622350649,0.5102438700655162,0.5104830955955121,0.5107170210178718,0.5109458205408007,0.5111696608205585,0.5113887013662928,0.5116030949191086,0.5118129878072647,0.5120185202792313,0.5122198268162067,0.5124170364255501,0.5126102729164813,0.5127996551592833
Chile,0.0,0.0,0.0,0.007786412968546799,0.01422913037483744,0.018524275312364537,0.021592235982026742,0.028100332004880952,0.03386696178211641,0.038480265603904766,0.0422547869126407,0.04571666310418219,0.05258461209616816,0.05847142551787044,0.06357333048334575,0.06803749732813663,0.07363426599983067,0.08232125122206228,0.09009381694721691,0.09708912609985607,0.10341821533319626,0.11093540432327716,0.11932951717878683,0.12702412062967072,0.13410315580448387,0.14063764981200372,0.14668810722637396,0.1523063891111463,0.1581172798024295,0.16451337047568185,0.1704968101377566,0.17610628482095173,0.18137579134152895,0.1863353268903075,0.1910114604077273,0.19542780872973486,0.19960543552082313,0.20356318721764355,0.20731797728898602,0.21088502785676136,0.21427807595781595,0.21750955033977273,0.22059072358768497,0.22353184350614672,0.22634224698378785,0.22903045900587946,0.23160427902703093,0.23407085654730114,0.2364367574340909,0.23870802228540908,0.24089021792687168,0.24298848296673953,0.2450075681937822,0.24695187248648992,0.24882547480491737,0.2506321627548295,0.2523754581450957,0.25405863990121474,0.2556847646486518,0.2572566852378409,0.25877706744705664,0.26024840506887825,0.2616730335598485,0.26305314241047584,0.2643907863733916,0.2656878956707645,0.2669462852876187,0.26816766344515375,0.269353639337253,0.2705057302038636,0.2716253678066261,0.2727139043648674,0.27377261800370484,0.27480271776041154,0.2758053481902727,0.27678159360882176,0.2777324820035124,0.278658988644493,0.279562039421145,0.2804425139283807,0.28130124832432657,0.282139037978908,0.2829566399309693,0.28375477516988634,0.284534130756123,0.28529536179384246,0.2860390932674765,0.28676592175307336,0.2874764170142748,0.28817112349189394,0.28885056169527973,0.28951522950293973,0.2901656033792522,0.29080213951351547,0.2914252748870574,0.2920354282736506,0.2926330011780459,0.2932183787170454,0.2937919304471763,0.29435401114270454
Czech Republic,0.3815122246719379,0.3974078313195265,0.4027063668687227,0.4053556346433208,0.4069451953080797,0.4080049024179189,0.408761836067804,0.40932953630521796,0.40977108093431763,0.4101243166375974,0.4104133276675535,0.410654170192517,0.4108579600213322,0.4110326370174595,0.41118402374743657,0.41131648713616653,0.41143336659681057,0.4115372594507164,0.41163021621473733,0.40447114596565703,0.3971994444703089,0.3904798187628524,0.3842516968640783,0.37846305517797807,0.37306896186733657,0.3680304082598325,0.36331336395751096,0.3588880072336687,0.35472809391760796,0.3508104365399209,0.34711447190029,0.3436219000268657,0.34031638114481155,0.3371832800637425,0.33420944954720444,0.3313830459003574,0.3286933713208462,0.32613073858847474,0.3236863544859215,0.32135221899361827,0.31912103782360174,0.31698614627752114,0.31494144275445335,0.3129813305112453,0.31110066650465473,0.3092947163305898,0.30755911442918843,0.30588982885151667,0.3042831299892877,0.302735562757117,0.30124392179062626,0.2998052292857099,0.29841671515655216,0.29707579923419125,0.29578007526493144,0.2945272964998149,0.29331536269359476,0.2921423083549462,0.2910062921096441,0.28990558705562497,0.28883857200367485,0.2878037235103012,0.2867996086204424,0.28582487824731206,0.28487826112506043,0.2839585582772504,0.28306463795053877,0.28219543096854705,0.2813499264658204,0.2805271679660848,0.2797262497728152,0.27894631364347733,0.27818654572177065,0.2774461737048187,0.276724464224579,0.27602072042480835,0.27533427971675567,0.2746645116983876,0.27401081622341217,0.2733726216076688,0.2727493829616163,0.2721405806386974,0.2715457187902914,0.2709643240188107,0.27039594412125106,0.2698401469161864,0.26929651914781505,0.26876466546121447,0.2682442074434672,0.26773478272576695,0.26723604414203134,0.26674765893991287,0.2662693080404425,0.2658006853428419,0.2653414970713231,0.26489146116094675,0.2644503066798396,0.26401777328528586,0.26359361071139736,0.2631775782862434
Denmark,0.4379478069540165,0.44427390347700824,0.4463826023180055,0.4474369517385041,0.4480695613908033,0.4486013457303249,0.4703154391974214,0.4866010092977437,0.49926756382021664,0.5094008074381949,0.5176916431256319,0.5246006728651625,0.5304467749524576,0.5354577195987107,0.53980053829213,0.5436005046488719,0.5469534161401146,0.5499337819101083,0.5526004249674711,0.5550004037190975,0.5571718130658071,0.5591458215628159,0.5609481771470414,0.5626003364325812,0.5641203229752779,0.5655233874762289,0.5668225212734056,0.5680288597993554,0.5691520025648948,0.5702002691460649,0.5711809056252242,0.572100252324436,0.5729638810418772,0.5737767080700573,0.5745430878394843,0.5752668909550542,0.5759515695778906,0.5766002124837355,0.5772155916508193,0.5778002018595487,0.5783562944971208,0.5788859065329036,0.579390885450743,0.5798729107814079,0.5803335127640433,0.5807740885735206,0.5811959164762117,0.5816001682162906,0.5819879198853459,0.582360161487639,0.5827178053800383,0.5830616937381145,0.583392605177018,0.5837112606367028,0.5840183286251264,0.5843144298996777,0.5846001416558237,0.5848760012824474,0.5851425097352873,0.5854001345730325,0.585649312694786,0.5858904528126121,0.5861239376886024,0.586350126162218,0.5865693549904916,0.5867819405209387,0.5869881802146559,0.5871883540350287,0.5873827257156804,0.5875715439197421,0.5877550433011541,0.5879334454775271,0.5881069599230404,0.5882757847889453,0.5884401076584259,0.5886001062418678,0.5887559490179475,0.5889077958254096,0.5890557984098981,0.5892001009297744,0.5893408404244684,0.5894781472485603,0.5896121454744813,0.5897429532664518,0.5898706832280229,0.5899954427253715,0.5901173341882983,0.590236455390704,0.5903528997121568,0.5904667563820216,0.5905781107074939,0.5906870442867602,0.590793635208408,0.590897958238106,0.5910000849934942,0.5911000841081453,0.5911980213853809,0.591293959942673,0.5913879603472925,0.5914800807438195
Estonia,0.3758580078122534,0.269873205523224,0.25650331516286207,0.24899220582356832,0.24418096681553558,0.24083566350471944,0.2383748869924422,0.23648878623822578,0.2349971000630155,0.23378782184786592,0.23278768800950755,0.23194675979133758,0.2312298252328249,0.23061134329764102,0.23007233705923372,0.22959841226844252,0.22917845279193846,0.22880373769187723,0.22846732908392192,0.22816363860072095,0.23167830203059925,0.2422044264849083,0.2515817684136769,0.25998865754382344,0.2675683291772022,0.27443715238895755,0.28069064690974804,0.28640795230365124,0.29165519481139107,0.2964880565431203,0.3009537591158637,0.3050926117367855,0.30893923136876356,0.3125235132517145,0.3158714094043741,0.31900555801496255,0.3219457960101423,0.3247095793404426,0.32731232980142116,0.3297677229479483,0.33208792845302676,0.3342838118296204,0.33636510457234686,0.3383405483403173,0.3402180176872314,0.34200462497252493,0.3437068104005404,0.34533041959054056,0.34688077064671763,0.3483627123497952,0.34978067481178665,0.3511387137086921,0.3524405490213731,0.35368959906397124,0.3548890104553436,0.3560416845868223,0.35715030105501205,0.3582173384580209,0.35924509289485135,0.36023569445855796,0.3611911219724982,0.36211321618421327,0.36300369160204576,0.36386414713464277,0.3646960756722522,0.3655008727306026,0.36627984426264937,0.36703421373017214,0.3677651285157657,0.3684736657459077,0.36916083758725365,0.36982759607093396,0.37047483749320476,0.37110340643523243,0.3717140994399206,0.3723076683794382,0.3728848235433839,0.37344623647425657,0.3739925425740298,0.37452434350310215,0.37504220939066507,0.37554668087355975,0.3760382709789506,0.37651746686459886,0.37698473142914335,0.37744050480358116,0.3778852057340449,0.3783192328650127,0.3787429659312137,0.37915676686572,0.37956098083102185,0.37995593717925946,0.3803419503472256,0.38071932069125125,0.3810883352666327,0.38144926855585115,0.38180238314946774,0.382147930383242,0.3824861509347252,0.38281727538230154
Finland,0.2665831135603204,0.33651002505886946,0.3747146377042092,0.4147170677686807,0.442128359750373,0.4646857733959623,0.4819413437962045,0.49488302159638625,0.5049487709965274,0.5199336677200408,0.5335513217908504,0.5448993668498585,0.5545015588228652,0.5627320090854425,0.5698650659796762,0.5761064907621306,0.5816136302760608,0.5865088653995545,0.590888812615312,0.5948307651094938,0.5983972935566106,0.6016395921448986,0.6045999517255094,0.6073136146744026,0.6098101845873845,0.6121147106609061,0.6142485310993521,0.6162299357921946,0.618074691885531,0.6197964642393116,0.6214071545057512,0.6229171766305387,0.6243356822629147,0.6256707463875039,0.626929521133545,0.6281183639492507,0.6292429449911344,0.6303083375571294,0.6313190946069196,0.6322793138042203,0.6331926930406772,0.6340625780277788,0.6348920032480384,0.6356837273219228,0.63644026365919,0.6371639071122281,0.6378567572268392,0.6385207385866747,0.639157618666517,0.6397690235431657,0.6403564517579848,0.6409212865799264,0.6414648068802854,0.6419881967991494,0.6424925543573277,0.6429788991455707,0.6434481792044019,0.6439012771922389,0.6443390159262511,0.6447621633691293,0.6451714371253556,0.6455675085023491,0.6459510061848348,0.6463225195647427,0.6466826017637305,0.6470317723809309,0.6473705199946326,0.6476993044432253,0.648018558907801,0.648328691816246,0.6486300885864249,0.6489231132240987,0.6492081097895076,0.6494854037450406,0.6497553031950927,0.6500181000280382,0.6502740709692187,0.6505234785529332,0.6507665720206043,0.6510035881515835,0.6512347520324153,0.651460277769812,0.6516803691520906,0.6518952202633628,0.6521050160543695,0.6523099328734926,0.6525101389611415,0.6527057949104348,0.6528970540968225,0.6530840630790684,0.6532669619737924,0.6534458848055874,0.6536209598345484,0.6537923098628929,0.6539600525222199,0.6541243005428108,0.6542851620062761,0.6544427405827319,0.6545971357536028,0.6547484430210563
France,0.41859266892389224,0.44595376736630676,0.46382196788059493,0.4945732434157905,0.5235402376002903,0.5419813235062894,0.5546527657802597,0.5641561900532733,0.5715476489743657,0.5802669833849717,0.5922100640581109,0.602162565338749,0.6105838657503854,0.6178020890825972,0.6240578571286207,0.6295316347386543,0.6291542346868685,0.6275355152517199,0.6260713570810028,0.6247406317694867,0.6238664668835977,0.623901957941427,0.6236175565451166,0.6233543864729777,0.6231101558111362,0.6228828910695207,0.6226708837384342,0.6224726472593166,0.6222868821165985,0.6221124473169934,0.6219483369330268,0.6217936606918606,0.6216476278182316,0.6215095335123525,0.621378747574709,0.6212547047903246,0.6211368967629745,0.6210248649505209,0.6209181947001843,0.6208165101201711,0.6207194696539681,0.6206267622474869,0.6205381040184316,0.6204532353527542,0.6203719183656431,0.6202939346747446,0.620219083441719,0.6201471796451552,0.6200780525535642,0.6200115443719308,0.6199475090392326,0.619885811157637,0.6198263250368623,0.619768933839498,0.6197135288150648,0.6196600086122401,0.6196082786601046,0.6195582506104585,0.6195098418342893,0.6194629749663552,0.6194175774926045,0.6193735813758016,0.6193309227152951,0.6192895414373513,0.6192493810128933,0.6192103881998615,0.619172512807722,0.6191357074819354,0.6190999275064386,0.6190651306224081,0.6190312768617584,0.6189983283940003,0.61896624938522,0.6189350058680787,0.6189045656218383,0.6188748980615236,0.6188459741354188,0.6188177662301766,0.6187902480828886,0.6187633946995285,0.6187371822792332,0.6187115881439453,0.6186865906729734,0.6186621692420774,0.6186383041667177,0.6186149766491379,0.6185921687289849,0.6185698632371908,0.6185480437528711,0.6185266945630087,0.6185058006247168,0.6184853475298929,0.6184653214720823,0.6184457092154001,0.6184264980653578,0.6184076758414616,0.6183892308514595,0.6183711518671204,0.618353428101441,0.6183360491871837
Germany,0.3775442108775442,0.3775442108775442,0.3775442108775442,0.3775442108775442,0.37754421087754414,0.3775442108775442,0.3855378857539132,0.41291607433526145,0.4345669218036833,0.448206108706327,0.4503258844270231,0.45213484179985497,0.45369667326071883,0.4550587815836934,0.45625717462139587,0.4573196951643802,0.45826821114428,0.4591201367309356,0.4598895112493765,0.4605877789511354,0.4612243621320671,0.461807088788579,0.4623425161366451,0.46283617842423946,0.4632927789300855,0.4637163402838984,0.4641103232949173,0.4644777217260516,0.4648211385090994,0.46514284750700136,0.4654448439227266,0.46594831474276516,0.4670756739954996,0.4681397694797584,0.4691457810941716,0.47009833826941777,0.4710015911986135,0.4718592712861,0.4726747426716972,0.4734510463307065,0.47419093796846884,0.47489692070484885,0.47557127336564203,0.47621607505468616,0.47683322656489385,0.47742446909267844,0.4779914006438566,0.4785354904565625,0.4790580917152854,0.4795604527876748,0.480043727180554,0.48050898238228407,0.4809572077341518,0.48138932145293567,0.4818061769095568,0.4822085682541565,0.4825972354656199,0.4829728688930994,0.48333611334817833,0.4836875717987054,0.48402780870881396,0.4843573530640426,0.48467670111565864,0.48498631887412924,0.4852866443780902,0.48557808976204614,0.48586104314332673,0.4861358703464693,0.4864029164811345,0.48666250738786926,0.48691495096445037,0.4871605383841614,0.487399545216137,0.48763223245683784,0.48785884748077396,0.48807962491775564,0.48829478746321275,0.488504546627466,0.48870910342924817,0.4889086490382564,0.48910336537105237,0.4892934256442151,0.4894789948882814,0.48966023042567974,0.4898372823155656,0.4900102937682029,0.49017940153129574,0.49034473625046215,0.4905064228058447,0.4906645806266829,0.4908193239855113,0.49097076227350733,0.4911190002583817,0.4912641383260908,0.4914062727075414,0.49154549569136513,0.4916818958237499,0.4918155580962379,0.4919465641223281,0.49207499230365304
Greece,0.47410262587328356,0.47410262587328356,0.47673960037642865,0.5021784857155506,0.5174418169190236,0.52883443620997,0.54281184573696,0.5532949028822025,0.5630711453133436,0.5758558158940305,0.5863160009145924,0.5966555753054577,0.6088481771543859,0.6192989787391815,0.6283563401126709,0.6362815313144744,0.6432743470807714,0.6494901833174798,0.6550517210029558,0.6600571049198842,0.6645857856066291,0.6687027680491243,0.6708889668730796,0.6664663068500242,0.6623327560798571,0.6584608632055086,0.6548265456432368,0.6514085882036235,0.6481882286692726,0.6451488132286284,0.6422755084036453,0.6395550589524697,0.6369755834086254,0.6345264006029644,0.6321978818258738,0.6299813243147666,0.6278688425622945,0.6258532745838339,0.62392810079612,0.6220873735708975,0.6203256558598736,0.6186379675568227,0.6170197384823236,0.6154667670563918,0.6139751838720664,0.6125414195050312,0.6111621759954852,0.6098344015226348,0.6085552678624585,0.6073221502783049,0.606132609543411,0.6049843758362389,0.6038753342848897,0.6028035119668994,0.601767066196288,0.6007642739515712,0.5997935223171423,0.5988532998264791,0.5979421886094494,0.5970588572579052,0.5962020543340615,0.5953706024550995,0.5945633928951858,0.5937793806528694,0.5930175799377085,0.5922770600351397,0.5915569415131154,0.5908563927380055,0.5901746266707368,0.589510897917228,0.5888645000098707,0.5882347628992238,0.5876210506371896,0.5870227592348373,0.5864393146797039,0.5858701710988895,0.5853148090555929,0.5847727339679115,0.5842434746397903,0.5837265818949483,0.5832216273054559,0.5827282020074019,0.5822459155967682,0.5817743950992448,0.5813132840082734,0.5808622413861046,0.5804209410231042,0.5799890706509537,0.5795663312057566,0.5791524361373939,0.5787471107617806,0.5783500916529446,0.5779611260720986,0.5775799714311096,0.5772063947879675,0.5768401723720524,0.5764810891371631,0.5761289383404357,0.5757835211454146,0.5754446462476797
Hungary,0.4291845493562232,0.4291845493562232,0.42918454935622324,0.4291845493562232,0.4291845493562232,0.42918454935622324,0.4291845493562232,0.4291845493562232,0.4291845493562232,0.4291845493562232,0.4291845493562232,0.42918454935622324,0.42918454935622313,0.4291845493562232,0.4291845493562232,0.4291845493562232,0.4291845493562231,0.4291845493562232,0.42918454935622313,0.4291845493562232,0.4291845493562232,0.4291845493562232,0.4291845493562232,0.42918454935622324,0.42918454935622313,0.42918454935622313,0.42918454935622313,0.4291845493562232,0.4291845493562232,0.4291845493562232,0.42918454935622324,0.4291845493562232,0.4291845493562232,0.4291845493562231,0.42918454935622313,0.4291845493562232,0.4291845493562232,0.42918454935622313,0.42918454935622313,0.4291845493562232,0.4291845493562233,0.4291845493562232,0.4291845493562232,0.4291845493562232,0.4291845493562232,0.4291845493562232,0.4291845493562232,0.42918454935622324,0.4291845493562232,0.42918454935622313,0.4291845493562232,0.42918454935622313,0.42918454935622313,0.42918454935622313,0.42918454935622313,0.4291845493562232,0.42918454935622324,0.4291845493562232,0.4291845493562232,0.4291845493562232,0.4291845493562232,0.42918454935622324,0.4291845493562232,0.4291845493562232,0.42918454935622324,0.4291845493562232,0.42918454935622313,0.4291845493562231,0.42918454935622324,0.42918454935622313,0.42918454935622313,0.4291845493562232,0.42918454935622313,0.4291845493562232,0.42918454935622324,0.42918454935622313,0.4291845493562232,0.42918454935622313,0.4291845493562232,0.4291845493562232,0.4291845493562232,0.4291845493562233,0.4291845493562232,0.4291845493562232,0.4291845493562232,0.4291845493562232,0.4291845493562232,0.4291845493562232,0.4291845493562232,0.4291845493562232,0.4291845493562232,0.4291845493562232,0.4291845493562232,0.4291845493562232,0.4291845493562232,0.42918454935622324,0.4291845493562232,0.4291845493562232,0.42918454935622313,0.42918454935622313
Iceland,0.3667171511521011,0.39675772931370923,0.41200612241105844,0.42075823543781904,0.4260095032538753,0.4340374702340686,0.4480479679714678,0.45855584127451715,0.4667286316213334,0.47326686389878625,0.47861632667124776,0.48307421231496567,0.4868462693981116,0.4900794611836653,0.4928815607311451,0.4953333978351899,0.4974967835152295,0.49941979300859807,0.5011403804500328,0.5026889091473246,0.5040899589210643,0.5053636405335552,0.5065265672232209,0.5075925833554141,0.5085733181970322,0.5094786118969872,0.5103168468043529,0.5110952077897639,0.5118198887072156,0.5124962575635039,0.5131289897193865,0.5137221761155264,0.5142794118209912,0.5148038689555462,0.5152983571109837,0.5157653737022304,0.5162071461534096,0.5166256674229479,0.5170227260632789,0.5173999317715936,0.5177587372014538,0.5181004566584636,0.5184262821872402,0.518737297464709,0.5190344898409569,0.5193187608095418,0.5195909351411657,0.5198517688756384,0.5201019563352348,0.5203421362964474,0.5205728974356517,0.5207947831464249,0.5210082958115086,0.5212139006001077,0.5214120288509397,0.5216030810928134,0.5217874297472528,0.5219654215515391,0.5221373797353412,0.5223036059796834,0.5224643821832272,0.5226199720576246,0.52277062257093,0.5229165652556945,0.5230580173963125,0.5231951831084269,0.5233282543216721,0.5234574116757045,0.5235828253383153,0.5237046557534232,0.5238230543258519,0.5239381640490466,0.5240501200811948,0.5241590502746362,0.5242650756629192,0.5243683109094053,0.5244688647209177,0.5245668402295708,0.5246623353455999,0.5247554430837281,0.5248462518653595,0.5249348457986583,0.5250213049383836,0.5251057055271631,0.5251881202197362,0.5252686182915514,0.5253472658329803,0.5254241259302859,0.5254992588343934,0.5255727221184098,0.5256445708247555,0.5257148576027022,0.5257836328370373,0.5258509447685141,0.5259168396066968,0.5259813616357505,0.5260445533136899,0.5261064553655488,0.5261671068709055,0.5262265453461551
Ireland,0.2951660224885826,0.31933809371367566,0.3420679121588703,0.35358806933227177,0.3912129025978056,0.4208458620272799,0.44196099840911635,0.4577694051750196,0.4700483112923365,0.47986104659682993,0.4878827889629838,0.49456286407401767,0.5002118940673902,0.5050514840307038,0.5092439779229967,0.5129110265674387,0.51614558595421,0.519019906726581,0.5215909950647528,0.5239044318463861,0.5259970984249555,0.5278991575877305,0.5296355167938167,0.531226924959432,0.5326908055703944,0.5340418972258549,0.5352927516165352,0.5364541246325439,0.5375352864346156,0.5385442694238911,0.5394880681522363,0.5403728016999642,0.5412038464925956,0.5419859456502916,0.5427232995690774,0.5434196413875079,0.5440783002015463,0.5447022542870675,0.5452941761254302,0.5458564706680917,0.546391307995764,0.5469006513072908,0.5473862809992709,0.5478498154589483,0.5482927290821208,0.5487163679387298,0.5491219634367963,0.5495106442768617,0.5498834469413625,0.5502413249242164,0.5505851568736786,0.5509157537948748,0.5512338654363057,0.551540185966184,0.5518353590290626,0.5521199822602704,0.5523946113247955,0.5526597635380468,0.5529159211181416,0.5531635341127344,0.5534030230377625,0.5536347812606556,0.5538591771564211,0.5540765560614633,0.5542872420469322,0.554491539530758,0.5546897347452308,0.5548820970750095,0.5550688802787107,0.5552503236057261,0.5554266528186061,0.5555980811301943,0.5557648100636925,0.5559270302429512,0.5560849221195019,0.5562386566421597,0.5563883958744197,0.5565342935643383,0.5566764956711057,0.5568151408521078,0.5569503609138892,0.5570822812301017,0.557211021129225,0.5573366942545795,0.5574594088989122,0.5575792683156294,0.5576963710085553,0.557810811001922,0.557922678092153,0.55803205808285,0.5581390330042815,0.558243681318548,0.5583460781115074,0.5584462952724412,0.5585444016623717,0.5586404632718517,0.558734543368992,0.5588267026384207,0.5589169993118183,0.5590054892906158
Israel,0.14697960840135266,0.15581718227889943,0.18935548902082863,0.2271130155472767,0.25580426368292153,0.2817302815456362,0.309008045517613,0.33076042463535127,0.35058590353605135,0.3664108774328232,0.37933524350605413,0.39008954217071456,0.3991779912340474,0.40695982967628147,0.41369793078229616,0.4206904897134482,0.4265775687686603,0.4288453647711119,0.430888040478914,0.4327375317520017,0.4352976009706888,0.43809283313737496,0.4406565513167632,0.4430163743301693,0.445195695904949,0.44721446285060706,0.44908978735620547,0.4508364332462527,0.45246720546095504,0.45399326450996785,0.45542438223643655,0.45676915128529266,0.4580351577661351,0.45922912444090636,0.4603570301442786,0.4614242099154224,0.462435439380592,0.46339500620266,0.46430677085257427,0.4651742185192929,0.4660005036299504,0.46678848817913315,0.46754077484888656,0.4682597357271421,0.4689475372922269,0.46960616221783535,0.4702374284607241,0.4708430060181475,0.47142443168031484,0.47198312205226334,0.4725203850774575,0.47303743026044703,0.47353537775676635,0.4740152664738603,0.47447806130633075,0.47492465961154495,0.4753558970170497,0.47577255263887425,0.47617535377928144,0.47656498016355864,0.4769420677677701,0.47730721228281103,0.4776609722544546,0.4780038719342031,0.4783364038715488,0.4786590312746019,0.4789721901628779,0.47927629133328536,0.4795717221579549,0.47985884823045316,0.48013801487509294,0.48040954853244056,0.48067375803270757,0.4809309357674718,0.48118135876907253,0.4814252897060578,0.4816629778022035,0.4818946596858634,0.482120560175735,0.4823408930085266,0.48255586151347546,0.4827656592381924,0.4829704705298816,0.483170471075604,0.4833658284049122,0.48355670235787995,0.48374324552127357,0.48392560363536746,0.48410391597368263,0.4842783156977282,0.4844489301886446,0.48461588135748407,0.4847792859357175,0.48493925574742147,0.4850958979644797,0.48524931534602317,0.4853996064632321,0.48554686591053453,0.48569118450415083,0.48583264946886134
Italy,0.4535472682815697,0.4828915851971764,0.4926730241690453,0.5050526739289215,0.512569270926083,0.5268280626964419,0.54102905232839,0.5516797945523512,0.5604184886969723,0.5677601327593317,0.5755116905978388,0.5822719452915209,0.5879921608015597,0.5931883076807297,0.5984313955235476,0.6030190973860132,0.6070670696176007,0.6106652671567893,0.6084418484750019,0.6028188509866018,0.5976152894821342,0.5927859209152317,0.5882917833386094,0.5840991424591072,0.5801786433281301,0.5765046220291933,0.5730545432295253,0.5698085375386021,0.5667490186045339,0.5638603643624073,0.5611286502358046,0.5585414246736427,0.5560875193869115,0.553756888184186,0.5515404695007209,0.5494300686544615,0.5474182566035242,0.545498282568656,0.5436639983548641,0.5419097925846043,0.5402305333604165,0.5386215181228867,0.5370784296720734,0.5355972974862608,0.5341744636082697,0.5328065524822295,0.5314904442172007,0.5302232508318729,0.529002295099631,0.5278250916678492,0.526689330171196,0.5255928600975176,0.5245336771976948,0.5235099112587842,0.5225198150835153,0.5215617545395277,0.5206341995591338,0.519735715985338,0.5188649581727108,0.5180206622628323,0.5172016400636251,0.5164067734702443,0.5156350093724302,0.5148853549995476,0.5141568736600473,0.5134486808368988,0.5127599406047764,0.5120898623384802,0.5114376976853472,0.5108027377772734,0.5101843106605114,0.5095817789236551,0.5089945375062049,0.508422011671878,0.507863655132393,0.5073189483088535,0.5067873967190997,0.5062685294805076,0.5057618979187065,0.505267074273576,0.5047836504946766,0.504311237118987,0.5038494622244581,0.5033979704534769,0.5029564221008508,0.5025244922613914,0.5021018700326062,0.5016882577683827,0.5012833703799018,0.500886934680331,0.5004986887701284,0.5001183814600559,0.4997457717292262,0.4993806282157283,0.49902272873757003,0.49867185984185136,0.4983278163802485,0.49799040110903275,0.4976594243119868,0.4973347034447035
Japan,0.33905868689348434,0.3722050449496524,0.3866658716065557,0.4021964326337675,0.4236754734693091,0.4423398180801855,0.45567149280223995,0.46567024884378083,0.46777504764205785,0.46495594122542167,0.46435234208982595,0.4696580680678924,0.4741909766736484,0.4781084552651349,0.48152787118985313,0.48453853171857697,0.48720959682196824,0.48959545727212034,0.4916493061863082,0.4901540346219154,0.48879046564605344,0.4904003075517177,0.491943439627806,0.4933665153276133,0.49468302070160575,0.49590449483344956,0.49704086895259464,0.49810073705492586,0.49909157364508144,0.5000199102745411,0.5008914796941301,0.5017113343465593,0.5024839443743514,0.5032132791589777,0.5039028755318145,0.5045558951311969,0.5051751728684679,0.5057632580704364,0.5063224495576185,0.506854825676074,0.5073622701099809,0.5078464941507025,0.5083090559771699,0.5087513774053016,0.509174758485774,0.5095803902658572,0.5109356739001648,0.5122858926155675,0.5135828553984427,0.5148296521291537,0.5160291381922557,0.5171839563076104,0.5182965559671592,0.5193692107782223,0.5204040339717501,0.5214029922981192,0.5223679185027409,0.52330052254798,0.5242024017259489,0.5250750497879929,0.5259198652006356,0.5267381586239673,0.5275311596965919,0.5283000232010086,0.5290458346744424,0.5297696155224589,0.5304723276860169,0.5311548779068072,0.5318181216306449,0.5324628665842486,0.5330898760568525,0.533699871914684,0.5342935373733351,0.5348715195504153,0.5354344318185379,0.5359828559766214,0.53651734425567,0.5370384211735653,0.5375465852519692,0.5380423106071461,0.5385260484253814,0.5389982283326401,0.5394592596672126,0.5399095326632654,0.5403494195524913,0.5407792755903978,0.5411994400131774,0.5416102369305784,0.5420119761597143,0.5424049540043219,0.542789453983584,0.5431657475142873,0.5435340945497618,0.543894744178766,0.5442479351872137,0.5445938965854066,0.5449328481032191,0.5452650006554848,0.5455905567796535,0.5459097110476331
Korea,0.3130106154716613,0.33266751637118713,0.3564776251693223,0.3676530440807173,0.3698247948333294,0.3745750628534411,0.38699290247455,0.3922047990346642,0.39536931618476606,0.3979111749512413,0.4013427287260624,0.4114831766617969,0.42008305423254805,0.42746864891465886,0.4338801822604956,0.43949843173207626,0.4444620466617842,0.4488791445097301,0.4537564983253998,0.45867427818270523,0.463127339174488,0.4671785816259072,0.4708800443759405,0.4742751521794543,0.4774004272594658,0.4802868083696196,0.4829606785071457,0.48544467368816147,0.4877583253341915,0.48991857488218393,0.49194018931844863,0.4938360991985431,0.4956176755139058,0.4972949579349776,0.4988768441100095,0.5003712475576114,0.5020044300616571,0.5038316045490768,0.5055654714363933,0.5072130001254681,0.5087804827942869,0.5102736147042406,0.511697563344456,0.5130570281824784,0.5143562924772227,0.5155992683577996,0.5167895361676735,0.5179303789076021,0.5190248124751875,0.5200756122875833,0.5210853367821907,0.5220563482142884,0.5229908311075018,0.5238908086604462,0.5247581573688939,0.5255946200858682,0.5264018177109512,0.5271812596737695,0.5279343533543306,0.5286624125639002,0.5294208677818479,0.5304042785703565,0.5313565512920897,0.5322711716270756,0.5329174161413851,0.5335447824462481,0.5341540858436981,0.5347460953542565,0.5353215369550064,0.5358810965495544,0.536425422695432,0.5369551291117354,0.5374707969873876,0.5379729771082797,0.538462191819652,0.5389389368384182,0.539403682928649,0.5398568774521195,0.5402989458046578,0.5407302927479849,0.5411513036458149,0.5415623456121468,0.541963768578941,0.5423559062897083,0.5427390772249376,0.5431135854647594,0.5434797214937527,0.543837762952375,0.5441879753390981,0.5445306126669833,0.544865918078107,0.5451941244189601,0.5455154547796847,0.5458301229997692,0.5461383341426136,0.546440284941176,0.5467361642167371,0.5470261532726542,0.5473104262648321,0.5475891505504992
Lithuania,0.2768454988840209,0.31875935189269455,0.3315303126267714,0.3301157466896058,0.32921790849040805,0.3285973908936809,0.3281428960299304,0.32779565542769423,0.32752171028356314,0.3273000692424698,0.3271170581386727,0.3269633872761578,0.32683252454930195,0.3267197429133822,0.32662153716965653,0.32653525314922954,0.3264588442150926,0.3263907068429459,0.32632956685724035,0.3262743990044931,0.32622436899729224,0.3261787910303617,0.32613709615509634,0.32609880840699235,0.3260635265556436,0.3260309099907026,0.32600066769005953,0.3259725495125418,0.32594633926308564,0.32592184912325245,0.3258989151434381,0.32587739356792766,0.3249206114319856,0.3235755816126537,0.3254423679904228,0.3272067948522384,0.3288770564020891,0.3304604949469488,0.3319637087998844,0.33339264418767944,0.3347526738626291,0.33604866460969085,0.33728503543696997,0.33846580791590203,0.339594649879534,0.3406749134792955,0.3417096684320773,0.3427017311521544,0.34365369035019094,0.34456792958927696,0.3454466472118065,0.34629187398791694,0.3471054887837421,0.3478892325039317,0.3486447205261944,0.34937345381477597,0.3500768288737676,0.35075614667912763,0.3514126207096172,0.35204738418095227,0.3526614965738982,0.3532559495354179,0.35383167222201123,0.3543895361458094,0.354930359576582,0.35545491154642156,0.355963915498326,0.3564580526150802,0.35693796486064844,0.35740425776263457,0.35785750296116714,0.35829824054676984,0.3587269812073207,0.35914420820204396,0.3595503791785767,0.3599459278474738,0.3603312655270327,0.36070678257000427,0.36107284968259407,0.36142981914512196,0.3617780259427908,0.3621177888141912,0.3624494112244433,0.36277318226921884,0.3630893775153045,0.36339825978284374,0.36370007987392383,0.36399507725175306,0.3642834806742942,0.36456550878587746,0.36484137067000794,0.36511126636630703,0.3653753873542706,0.3656339170063056,0.3658870310122957,0.3661348977777618,0.3663776787975154,0.3666155290065438,0.3668485971097327,0.3670770258918983
Latvia,0.2787492948666291,0.3532739774879232,0.38215686392390685,0.3965983071418986,0.4052631730726937,0.41103975035989043,0.4151658769936023,0.42113173415093064,0.4259058345880784,0.4297251149377967,0.4328499806784752,0.435454035462374,0.4376574664333653,0.4395461215513578,0.44118295598695134,0.4426151861180957,0.4438789185867524,0.4450022363366695,0.44354017307242893,0.43540674390094164,0.4306491433903723,0.4262503568176671,0.4221712671339234,0.4183782438443463,0.41484221366607016,0.411537913896675,0.408443287914829,0.4055389922173836,0.402807991699648,0.4002352252840159,0.3978073280326569,0.39551239891719464,0.393339805726932,0.3912800203664011,0.3893244791593057,0.3874654638387367,0.385695999735961,0.3840097683363109,0.38240103189120667,0.3808645681906314,0.37939561393354443,0.37798981540243565,0.37664318536603836,0.3753520653116349,0.37411309225355593,0.3729231694837811,0.37177944072901487,0.37067926726019945,0.36962020756829894,0.3685999992768535,0.3676165430092813,0.366667887968828,0.3657522190227331,0.3648678451106791,0.3640131888217733,0.363186777004902,0.362387232294872,0.3616132654518026,0.3608636684241436,0.36013730805680894,0.35943312037550246,0.35875010538660007,0.35808732233913765,0.357443885401696,0.3568189597124049,0.3562117577650286,0.35562153609823927,0.3550475922588108,0.3544892620126536,0.3539459167804082,0.3534169612767824,0.35290183133499414,0.35239999189960464,0.35191093517272876,0.351434178900122,0.35096926478498364,0.35051575701850746,0.3500732409172783,0.3496413216585594,0.34921962310536003,0.34880778671393886,0.3484054705170702,0.3480123481770144,0.3476281081026803,0.3472524526259608,0.3468850972326634,0.3465257698438631,0.3461742101438595,0.34583016895125185,0.3454934076299377,0.34516369753711024,0.3448408195055698,0.34452456335788734,0.34421472745015685,0.34391111824325427,0.34361354989968923,0.3433218439042827,0.3430358287070459,0.34275533938675756,0.342480217333854
Luxembourg,0.2732714705654928,0.32734319254183314,0.38137684065430455,0.43501922379301156,0.47074744654495776,0.49456626171292195,0.5115797011186105,0.5243397806728771,0.5342642869928621,0.5391077859157667,0.5318914901418963,0.5257564385134675,0.5204765575580318,0.5158846926202599,0.5118545878182608,0.508289098385652,0.5051122576807203,0.5022638042749605,0.49969532282443363,0.4973674695685702,0.49524794272370753,0.4933099744445968,0.49153119440498466,0.4898927623730084,0.4883786983166191,0.48697535947945236,0.4856710281357574,0.48445558362565816,0.48332023923092166,0.48225732941243016,0.4812601365112938,0.4803227486299198,0.47943994233869736,0.47860708529207513,0.4778200549198401,0.4770751701806899,0.4763691339937328,0.47569898444832015,0.47506205326925705,0.4744559303090995,0.4738784330712797,0.47332758045166606,0.47280157003271056,0.4722987583818023,0.47181764390009784,0.4713568518447644,0.4709151212099619,0.4704912932029019,0.47008430109321814,0.46969316124843247,0.4693169651969104,0.468954872583487,0.46860610490278753,0.468269939911885,0.46794570663790375,0.4676327809079477,0.46733058133869143,0.46703856573141667,0.46675622782546516,0.46648309436921287,0.4662187224729146,0.4659626972122739,0.4657146294554621,0.46547415388965274,0.4652409272260191,0.4650146265646486,0.46479494790299375,0.4645816047733727,0.46437432699667647,0.4641728595408841,0.4639769614742425,0.46378640500407875,0.46360097459318156,0.46342046614654514,0.4632446862620255,0.4630734515391233,0.46290658794070244,0.4627439302029712,0.4625853212895248,0.4624306118856552,0.46227965992950637,0.4621323301769805,0.46198849379759405,0.4618480279987451,0.46171081567608907,0.4615767450879304,0.46144570955172726,0.4613176071609766,0.46119234052090124,0.4610698165014976,0.4609499460066285,0.4608326437579569,0.46071782809262135,0.460605420773642,0.46049534681213466,0.4603875343004813,0.4602819142556793,0.4601784204721515,0.4600769893833563,0.4599775599315911
Mexico,0.12265448537566954,0.13032424449437977,0.14668897815027288,0.16920544994208145,0.19077036651629695,0.2064560421610027,0.2176516956786697,0.22604384630551194,0.23408800240549418,0.2411632429487443,0.24695054270925326,0.25177223867338483,0.2559816058064104,0.2637726371338492,0.2705239565114056,0.2764306696298557,0.28164193956522166,0.28627375790826837,0.29041768012392294,0.29414693858570357,0.29752080793896024,0.3005877792013498,0.30063368845399796,0.3006089990204534,0.3009286150708138,0.3016179493081215,0.3022591899829712,0.3028572005358451,0.3034162100395529,0.3039399133634455,0.3044315529399618,0.30489398595879513,0.3055356468066144,0.3065019447720349,0.30741553516774184,0.3082806159733957,0.3091009508917115,0.30987992408964204,0.3106205868629363,0.31132569758095624,0.311997756014216,0.3126390329451294,0.31325159580116924,0.3138373309201452,0.3143979629527856,0.3149350718230219,0.3154501075972665,0.3159444035573928,0.31641918772558897,0.31687559305083557,0.31731466643489137,0.3177373767491579,0.31814462197163906,0.31853723555464425,0.31891599211826066,0.3192816125514379,0.3196347685913684,0.31997608694236945,0.3203061529874014,0.32062551413846324,0.32093468286620397,0.3212341394440207,0.32152433443754685,0.32180569096667533,0.32207860676399713,0.3223434560507187,0.32260059124866236,0.32285034454482275,0.3230930293230813,0.32332894147605673,0.32355836060863724,0.3237815511434865,0.32399876333771455,0.32421023421893125,0.3244161884480424,0.324616839115393,0.3248123884761869,0.3250030286305181,0.3251889421528233,0.32537030267508643,0.3255472754277149,0.32572001774162773,0.3258886795147622,0.32605340364590685,0.32621432643850007,0.3263715779767917,0.32652528247655044,0.3266755586123035,0.32682251982292104,0.32696627459719774,0.3271069267409447,0.3272445756269709,0.3273793164292221,0.3275112403422334,0.327640434786962,0.3277669836039742,0.3278909672348847,0.32806858209256995,0.32828644447407135,0.32850002102626774
Netherlands,0.42105177787240855,0.432674194772642,0.43654833373938656,0.42192046367165276,0.4263956932718974,0.4261748963763652,0.4193575754573166,0.42667091693218673,0.43369586839348356,0.4394110043062975,0.4441514122129446,0.44814686108534496,0.4515601641980854,0.4545099119975975,0.4570845319599862,0.45935130504431654,0.46136233031209556,0.463158578486277,0.4647727125902161,0.466231092060439,0.4675552234059674,0.4687628278827006,0.46986863917382576,0.470885007510368,0.4718223628979005,0.47268957435107267,0.47349423139033076,0.4742428667436998,0.4749411340986049,0.4755939511440274,0.47620561556115903,0.476779899748683,0.4773201286963345,0.47782924440361746,0.4783098594799146,0.4787643019879906,0.47919465315563475,0.4796027792445579,0.47999035860605943,0.48035890475075116,0.48070978610101567,0.4810442429696721,0.48136340220889545,0.48166828989400845,0.4819598423429743,0.48223891572091654,0.4825062944371968,0.4827626985085101,0.4830087900335516,0.48324517890185276,0.48347242784042416,0.4836910568861184,0.48390154735853497,0.484104345397353,0.48429986511880374,0.4844884914382831,0.48467058259958506,0.48484647244572987,0.4850164724616676,0.4851808736151581,0.48533994801870967,0.48549395043255056,0.4856431196260904,0.4857876796131789,0.4859278407746003,0.4860638008796348,0.48619574601711774,0.48632385144521584,0.48644828236807885,0.48656919464660636,0.4866867354497567,0.486801043852124,0.48691225138288213,0.4870204825306529,0.48712585520837287,0.4872284811818066,0.48732846646498285,0.48742591168549165,0.487520912422292,0.48761355951841023,0.4877039393706831,0.4877921341984851,0.4878782222931991,0.48796227825002,0.4880443731835347,0.488124574928388,0.4882029482262228,0.4882795548999805,0.48835445401654454,0.4884277020386289,0.48849935296673025,0.4885694584718963,0.48863806801999315,0.4887052289881033,0.4887709867736264,0.48883538489661366,0.48889846509581875,0.48896026741891124,0.4890208303072629,0.48908019067568287
New Zealand,0.10766716886881668,0.14133358443440833,0.15255572295627223,0.18010633640416848,0.2052281414956848,0.22602345124640402,0.24087724392548918,0.25201758843480304,0.260682300830936,0.26761407074784244,0.2732855188616749,0.27801172562320203,0.2820108236521865,0.28543862196274455,0.28840938049856163,0.2910087942174015,0.29330239455755436,0.295341150415468,0.2971653003936013,0.29880703537392117,0.3002924146418297,0.30164275943083746,0.30287568293384454,0.304005862811601,0.305045628299137,0.30600541182609325,0.3068941002769787,0.30771931098137234,0.3084876106027043,0.3092046902492808,0.3098755066928524,0.31050439710870076,0.31109517295389166,0.3116511972787772,0.31217544878509784,0.312670575207734,0.31313893803995746,0.31358265019680065,0.3140036078840622,0.3144035176869606,0.31478391969459574,0.31514620732091486,0.31549164435996335,0.31582137971541874,0.3161364601661872,0.3164378414669223,0.31672639803145586,0.3170029314058005,0.3172681777036413,0.3175228141495685,0.3177674648525181,0.31800270591304663,0.3182290699524231,0.31844705013848934,0.31865710377233497,0.3188596554906862,0.3190551001312005,0.3192438053013521,0.319426113686075,0.3196023451246404,0.31977279848325285,0.3199377533464262,0.3200974715472766,0.3202521985543504,0.32040216473043726,0.3205475864769458,0.32068866727579737,0.3208255986393886,0.32095856097794817,0.3210877243925489,0.3212132494011046,0.321335287603867,0.321453982294225,0.32156946901997874,0.3216818760997123,0.32179132509840036,0.32189793126595356,0.3220018039420311,0.32210304693010666,0.3222017588434803,0.3222980334256596,0.3223919598472979,0.3224836229816678,0.32257310366045744,0.3226604789115109,0.3227458221799817,0.3228292035342348,0.3229106898577094,0.3229903450278475,0.3230682300830936,0.3231444033788838,0.32321892073346115,0.32329183556428415,0.3233631990157279,0.32343306007872025,0.3235014657029003,0.32356846090183944,0.32363408885182066,0.32369839098463055,0.3237614070747843
Norway,0.2740657404363651,0.3164446187134491,0.33848680560879263,0.35464248683859156,0.36760779478060773,0.3762513334086185,0.38571241353008834,0.39988774236980074,0.4109129981340215,0.4204062411375029,0.4299751025626535,0.43794915375027893,0.44469642783211594,0.45047980561654755,0.455492066363055,0.4598777945162491,0.4637475546514202,0.46718734143823903,0.4702650454053928,0.47303497897583113,0.47554110934908483,0.4778194096884064,0.4798995969547435,0.48180643528221906,0.4835607265434968,0.48518007232313765,0.48667946656354577,0.4880717612153535,0.48936803554634667,0.49057789158860715,0.49170969240233464,0.4927707556652043,0.4937675120636574,0.49470563573278975,0.4955901523351146,0.49642552912619914,0.497215750415063,0.497964381109776,0.4986746204868115,0.49934934789499524,0.49999116177107233,0.5006024130816221,0.5011852340986578,0.5017415632512828,0.5022731666637913,0.5027816568844513,0.5032685092233813,0.5037350760481892,0.5041825993291275,0.504612221678828,0.5050249960932462,0.5054218945686484,0.5058038157430921,0.5061715916888526,0.5065259939638581,0.5068677390147563,0.5071974930112371,0.5075158761802531,0.5078234666994718,0.5081208042013832,0.5084083929327402,0.508686704608247,0.5089561809924678,0.5092172362396817,0.5094702590177507,0.5097156144389083,0.5099536458176435,0.5101846762734744,0.5104090101943541,0.5106269345746369,0.5108387202399822,0.5110446229701793,0.5112448845296858,0.5114397336146111,0.5116293867239384,0.5118140489619677,0.51199391477823,0.5121691686504853,0.5123399857158483,0.5125065323545773,0.5126689667306216,0.5128274392926158,0.5129820932386584,0.5131330649478907,0.5132804843816113,0.5134244754564086,0.5135651563915551,0.5137026400327211,0.5138370341538608,0.5139684417389753,0.514096961245296,0.5142226868493053,0.5143457086768844,0.5144661130187702,0.514583982532406,0.5146993964311742,0.5148124306619267,0.5149231580716433,0.515031648563992,0.5151379692464936
Poland,0.28617543978370774,0.3120813974471752,0.32071671666833107,0.3250343762789091,0.3276249720452558,0.3293520358894869,0.33058565292108066,0.3454143750761915,0.35922443924346625,0.3702724905772861,0.37931180530495695,0.38684456757801594,0.38872372662565696,0.3864090513859178,0.3843740216514307,0.38257084662616475,0.3809620383891888,0.37951777747486626,0.37821404746380916,0.37703128884036663,0.3759534109563707,0.37496705567734134,0.37406104096105275,0.3732259350803216,0.3724537270508606,0.37173756882393916,0.3710715716509618,0.3704506437892483,0.3698703600777532,0.3693268563127109,0.3688167430906061,0.3683370350572565,0.36788509244204926,0.36745857245860775,0.3670553886825117,0.36667367691917446,0.3663117663835137,0.3659681552513773,0.36564148982812683,0.3653305467250512,0.3650342175488389,0.36475149570021076,0.36448146495034117,0.36422328952188837,0.36397620544839654,0.3637395130238953,0.3635125701855238,0.3632947866973797,0.36308561902465547,0.3628845658043305,0.3626911638329652,0.36250498450400404,0.3623256306369121,0.3621527336487716,0.3619859510259522,0.3618249640593566,0.36166947581173414,0.3615192092897836,0.3613739057973717,0.36123332344927334,0.36109723582746617,0.36096543076428295,0.3608377092386629,0.36071388437342566,0.36059378052294344,0.360477232441844,0.3603640845264691,0.3602541901217685,0.36014741088713564,0.3600436162154198,0.3599426826999836,0.3598444936452347,0.35974893861654755,0.3596559130259292,0.35956531775015693,0.3594770587784596,0.3593910468871097,0.35930719733855654,0.3592254296029698,0.35914566710026946,0.3590678369609045,0.3589918698038099,0.35891769953012054,0.35884526313135096,0.35877450051087306,0.35870535431762823,0.3586377697911044,0.3585716946167019,0.3585070787906803,0.3584438744939575,0.35838203597408896,0.35832151943481727,0.3582622829326287,0.35820428627980694,0.35814749095351006,0.3580918600104395,0.35803735800670516,0.35798395092251883,0.35793160609138197,0.3578802921334565
Portugal,0.4181818181818181,0.42088834800989855,0.4443769513558064,0.46611099634513753,0.4791514233387363,0.49231265639046795,0.5059104563676851,0.5176716493217243,0.5268192438415327,0.5342275692797105,0.5460838324948699,0.5559640518408362,0.5643242374412692,0.5714901108130689,0.5777005344019619,0.5831346550422434,0.5879294673719033,0.5921915227760456,0.5960049407692256,0.5994370169630875,0.6025422287575342,0.6055315736691733,0.6091558047656828,0.6124780166041497,0.6155344514955392,0.618355776010668,0.6209681135246763,0.6233938555019696,0.6256523049291046,0.6277601910610975,0.6297320845394134,0.6315807346753345,0.6333173454090787,0.6349518025702495,0.6364928621793534,0.6379483073657294,0.6393250798393283,0.6406293906037904,0.6418668136367417,0.6430423655180454,0.6441605734051392,0.6452255332976093,0.6462409601718252,0.647210231279031,0.6481364236703614,0.6490223468272859,0.6498705711264687,0.6506834527465193,0.6514631555249351,0.6522116701922142,0.6529308313431292,0.6536223324497786,0.6542877391750447,0.6549285012067825,0.6555459628010027,0.6561413721954292,0.6567158900321567,0.6572705969089968,0.6578065001628932,0.6583245399749931,0.658825594875221,0.6593104867141513,0.6597799851613692,0.6602348117821116,0.6606756437376005,0.6611031171489837,0.6615178301600271,0.6619203457295691,0.6623111941811535,0.6626908755341212,0.6630598616377095,0.6634185981273091,0.6637675062199335,0.6641069843641085,0.6644374097577723,0.6647591397463397,0.6650725131118272,0.6653778512628152,0.6656754593340314,0.6659656272034671,0.6662486304341514,0.666524731147014,0.6667941788306512,0.6670572110932491,0.6673140543614332,0.667564924530357,0.6678100275689607,0.66804956008396,0.6682837098458131,0.6685126562796251,0.6687365709236829,0.6689556178580874,0.6691699541057304,0.6693797300076788,0.6695850895748495,0.6697861708177041,0.6699831060555514,0.670176022206912,0.6703650410622854,0.6705502795405517
Slovak Republic,0.0,0.05273013665806419,0.1602901614561002,0.22642139336243186,0.2639851431177992,0.2882043413441566,0.3051174053750327,0.31759706171444585,0.3271845029073477,0.334780746862648,0.34094775874010863,0.3460542195788302,0.35035204521558166,0.35545704250715376,0.36195945914053484,0.3676298234213131,0.37261823656514864,0.37704074358817097,0.3809884735426501,0.38453398597269256,0.3877357715601535,0.39064150431502104,0.3932904314903896,0.39571515665885426,0.39794298841886705,0.39999697336589257,0.40189669632351577,0.40273041451314395,0.39823327724102164,0.3939934007786578,0.38998932389122865,0.3862019078817182,0.38261403068549565,0.37921032807353183,0.37597697371234134,0.3729014914403716,0.3699725943865298,0.3671800465573015,0.3645145433147983,0.36196760780464177,0.35953150090451147,0.35719914267800035,0.3549640436545783,0.35282024453083716,0.35076226311313397,0.3487850475069671,0.3468839347115601,0.34505461390524095,0.3432930938131191,0.3415956736371339,0.3399589171028713,0.3383796292401327,0.3368548355671006,0.33538176339274406,0.3339578249901784,0.3325806024261433,0.3312478338595043,0.3299574011454524,0.328707318602506,0.3274957228170161,0.3263208633750727,0.3251810944248657,0.3240748669839611,0.32300072191588286,0.3219572835090307,0.32094325359851766,0.3199574061781156,0.31899858245528645,0.31806568630736487,0.3171576801014319,0.31627358084436513,0.31541245663303397,0.31457342337769123,0.3137556417743417,0.3129583145042919,0.31218068364123863,0.31142202824817133,0.31068166214807286,0.3099589318539281,0.30925321464491623,0.308563916776881,0.3078904718162718,0.3072323390877293,0.30658900222637253,0.30595996782664214,0.30534476418026774,0.30474294009657626,0.30415406379894117,0.3035777218916989,0.3030135183923401,0.30246107382421217,0.30192002436536575,0.3013900210495335,0.30087072901555223,0.30036182680183776,0.2998630056827878,0.29937396904423424,0.2988944317952913,0.29842411981414674,0.2979627694255352
Slovenia,0.3750308078145005,0.4209348698848558,0.45679163665140765,0.4808366215454033,0.4952636124818007,0.5106633837213774,0.5253206756494544,0.536313644595512,0.5448637315535568,0.5517038011199926,0.5611382370539423,0.5697887184478824,0.5771083565504472,0.5833823320669311,0.592795868239114,0.6032267466292083,0.6124304628557619,0.6206115439460318,0.6279314586057471,0.6345193817994906,0.6404798837366873,0.6458985218614115,0.6508459740622466,0.6553811385796788,0.6595534899357165,0.6634048911874436,0.6669710034575612,0.6702823934226705,0.6733654116660481,0.676242895359867,0.6789347349444076,0.6814583345549142,0.6838289887344811,0.686060192668191,0.6881638992342604,0.6901507332133259,0.6920301707610906,0.6938106905431837,0.6954999016185026,0.6971046521400553,0.6986311221483619,0.7000849031086538,0.7014710663498622,0.7027942221710158,0.7040585710667848,0.7052679482714334,0.7064258626163098,0.7075355305301495,0.7085999058760776,0.7096217062081682,0.7106034359390007,0.7115474068340318,0.7124557561858543,0.7133304629690908,0.7141733622329367,0.7149861579516453,0.715770434522329,0.7165276670733342,0.717259230724305,0.7179664089202435,0.7186504009458236,0.7193123287125139,0.7199532428993092,0.7205741285177673,0.7211759099633496,0.7217594556075506,0.7223255819787905,0.7228750575744056,0.7234086063411624,0.7239269108574402,0.7244306152464991,0.724920327846973,0.7253966236638723,0.7258600466208553,0.726311111632319,0.726750306511902,0.7271780937322749,0.7275949120495614,0.7280011780043849,0.7283972873103377,0.7287836161396005,0.729160522314491,0.7295283464128781,0.729887412794637,0.7302380305556485,0.7305804944152412,0.7309150855424295,0.7312420723258181,0.7315617110916023,0.7318742467737025,0.7321799135397126,0.7324789353760268,0.7327715266352159,0.7330578925484651,0.7333382297056457,0.7336127265053848,0.7338815635772945,0.7341449141783488,0.7344029445652404,0.7346558143443942
Spain,0.09,0.13532809365771012,0.21867348087632596,0.28879856616839084,0.33111330238790504,0.36151692025122567,0.38678296997126377,0.40747430263663603,0.42543151683877817,0.42428878435601375,0.42189353790213946,0.41997827954308664,0.4200439385492193,0.4209762608636458,0.42179916677539453,0.42253085017358577,0.4231856830486902,0.42377516897781503,0.4243086247258759,0.42479367630746245,0.42523662587561717,0.42564272704761846,0.426016394262686,0.4263613639037856,0.42668081966983934,0.42697749112244016,0.42725373187288695,0.4275115821535334,0.4277528192948327,0.42797899875026263,0.42819148767159304,0.42839149256636905,0.4285800822197578,0.4287582068005106,0.4289267138721499,0.4290863618788497,0.42923783155877965,0.4293817356472344,0.4295186271612347,0.42964900650178944,0.4297733275661052,0.42989200302710223,0.4300054089096471,0.43011388857042687,0.43021775617020375,0.4303172997124166,0.43041278371002356,0.4305044515325922,0.43059252747748555,0.43067721860225794,0.4307587163497723,0.43083719799288883,0.43091282792166985,0.43098575879277395,0.43105613255794833,0.43112408138620306,0.43118972849227,0.4312531888822746,0.43131457002611273,0.4313739724648014,0.43143149036002676,0.43148721199220413,0.43154122021259333,0.4315935928543381,0.4316444031067202,0.43169371985640925,0.4317416079990586,0.43178812872420785,0.43183333977612354,0.43187729569291533,0.4319200480260109,0.43196164554184446,0.43200213440742,0.4320415583612328,0.4320799588708791,0.43211737527854854,0.43215384493547326,0.4321894033262971,0.4322240841842379,0.4322579195978283,0.43229094010994196,0.43232317480975274,0.43235465141820345,0.43238539636751633,0.43241543487522144,0.432444791013141,0.4324734877717243,0.43250154712009664,0.4325289900621499,0.4325558366889776,0.4325821062279275,0.43260781708852536,0.43263298690549945,0.43265763257911705,0.43268177031302674,0.43270541564978526,0.4327285835042316,0.4327512881948605,0.43277354347333125,0.43279536255224343
Sweden,0.5261038654257036,0.5320368665128823,0.5340145335419417,0.5350033670564716,0.5355966671651895,0.5404179188755716,0.5542169115088234,0.5645509678639351,0.5725885672512444,0.5790186467610919,0.5842796209055124,0.5886637660258629,0.5923734272815442,0.5955531369292709,0.598308885290634,0.6007201651068268,0.602847764944644,0.6047389648004814,0.6064310909872835,0.6079540045554053,0.6093318787360867,0.6105844916276155,0.6117281816590112,0.6127765641877907,0.6137410761142679,0.6146313948156314,0.6154557639835605,0.6162212496394948,0.6169339431812265,0.6175991238201762,0.6182213895791937,0.6188047637282726,0.6193527818683164,0.6198685636471812,0.6203548721815394,0.6208141635750999,0.6212486284068465,0.6216602266685011,0.6220507173269938,0.6224216834525619,0.6227745536695657,0.6231106205429027,0.6234310563988752,0.623736926988667,0.6240292033300237,0.6243087720043649,0.6245764441393724,0.6248329632687545,0.6250790122295907,0.6253152192319932,0.6255421632146936,0.625760378582675,0.6259703594084681,0.6261725631666395,0.6263674140608774,0.6265553059946066,0.6267366052289068,0.6269116527654724,0.6270807664872395,0.6272442430849473,0.627402359794206,0.6275553759644562,0.6277035344785079,0.6278470630389956,0.6279861753360837,0.6281210721090175,0.62825194211261,0.6283789629984499,0.6285023021194828,0.628622117265629,0.6287385573372358,0.6288517629624092,0.6289618670636054,0.6290689953782824,0.6291732669379017,0.6292747945091098,0.6293736850005462,0.629470039838356,0.6295639553131834,0.6296555229011402,0.6297448295609991,0.6298319580096421,0.6299169869775948,0.6299999914463107,0.6300810428687036,0.6301602093742968,0.6302375559602211,0.6303131446691926,0.6303870347554908,0.6304592828398711,0.630529943054265,0.6305990671770416,0.6306667047595437,0.6307329032445455,0.6307977080772315,0.6308611628092365,0.6309233091962518,0.6309841872896546,0.6310438355225845,0.6311022907908558
Switzerland,0.13662634727843523,0.15426741447175188,0.16931483253965238,0.18208117102111374,0.1970367685616566,0.2087640432556475,0.22122808908924674,0.23140956583931904,0.2412946480102293,0.24850293773628396,0.2561792390383499,0.2634780207686482,0.26966155616883264,0.274967315378248,0.2770491128498933,0.27415174748694027,0.271593471539992,0.269318048456923,0.267281025702948,0.26544680182157354,0.26378652793797386,0.2622765792712608,0.26089742384408826,0.25963277296883686,0.25846893489310724,0.2573943170945727,0.25639903881322035,0.2554746263490435,0.2546137712085093,0.25381013647850686,0.2530582005689086,0.25235313017205685,0.2516906762583325,0.2510670883774784,0.2504790436138226,0.2499235873530669,0.24939808363138605,0.2489001733058069,0.2484277386452451,0.24797887322108308,0.24755185619445036,0.24714513026897453,0.2467572827135311,0.24618643978418592,0.24547893552891908,0.24480213286493774,0.24415407582394716,0.24353297113302952,0.2429371716432053,0.24236516174303072,0.24181554448524945,0.24128703019629077,0.2407784263730937,0.24028862870065784,0.23981661304791246,0.23936142831980914,0.2389221900606515,0.23849807471813425,0.23808831448982132,0.2376921926842112,0.23730903953742682,0.2369382284341592,0.2365791724880148,0.23623132144200812,0.2358941588547722,0.2355671995422225,0.23524998724802174,0.23494209251932288,0.23464311076699182,0.2343526604918854,0.23407038166083358,0.23379593421778933,0.23352899671720034,0.23326926506805518,0.2330164513782868,0.2327702828903004,0.2325305009993512,0.2322968603473454,0.23206912798538942,0.23184708259907716,0.23163051379110117,0.23141922141629825,0.23121301496471272,0.2310117129886797,0.23081514257030736,0.23062313882607324,0.23043554444555103,0.2302522092615565,0.23007298984924282,0.22989774915189679,0.22972635613138373,0.22955868544136712,0.2293946171215909,0.2292340363116571,0.22907683298286374,0.22892290168678733,0.2287721413194027,0.22862445489963137,0.22847974936129897,0.22833793535756466
UK - old,0.0,0.07749593776191638,0.16249729184127762,0.20499796888095817,0.23049837510476653,0.2633005084247403,0.29113634756418866,0.32060034769753376,0.34298563027550066,0.36056961086496675,0.37474738523976775,0.386421285833299,0.39620079105426304,0.44883084238749593,0.45288815248530623,0.456415949108864,0.4595115414380559,0.46224977146121027,0.464689144287233,0.46687605509435226,0.47039221253641983,0.47414367716248473,0.4775590593893854,0.48068158585743814,0.4835473749276432,0.4861868401113883,0.4886257736261441,0.49088619202207573,0.49298700268002205,0.4949445339400771,0.49677296033962104,0.4984846464002763,0.5000904266022523,0.5015998349502089,0.5030212944106911,0.5043622741730538,0.5056294209345014,0.5068286690808483,0.5079653336176992,0.5090441889225634,0.510069535779261,0.5110452586794914,0.5119748750012553,0.5128615773765962,0.5137082703242415,0.5145176020328792,0.5152919920278446,0.5160336553301208,0.5167446236157537,0.5174267638013714,0.5180817944138315,0.5187113000462089,0.5193167441561353,0.519899480424092,0.5204607628572119,0.5210017547973177,0.5215235369693764,0.522027114687546,0.5225134243199191,0.5229833390994328,0.5234376743568155,0.5238771922415422,0.5243026059883031,0.5247145837792254,0.5251137522458392,0.5255006996493926,0.5258759787734604,0.5262401095587647,0.5265935815066148,0.5269368558743313,0.5272703676833602,0.5275945275584591,0.5279097234143063,0.5282163220040985,0.5285146703431339,0.5288050970190015,0.5290879133987723,0.5293634147425198,0.5296318812315405,0.5298935789188002,0.5301487606083851,0.5303976666700704,0.5306405257945177,0.5308775556940966,0.5311089637538372,0.5313349476366096,0.5315556958462399,0.5317713882519345,0.5319821965770806,0.5321882848552129,0.532389809855692,0.5325869214814157,0.5327797631406849,0.532968472095159,0.5331531797856814,0.5333340121375939,0.5335110898470337,0.5336845286495815,0.5338544395725158,0.5340209291718273
UK - after mini Budget,0.0,0.07151853353881096,0.15101235569254065,0.19075926676940547,0.2146074134155244,0.2453004678716502,0.2711672977844925,0.30088173501267135,0.32350083292693244,0.341294915539829,0.35565906551583504,0.3674978198676217,0.37742335801345345,0.43051827386178193,0.4346791416249444,0.43829878512579407,0.4414763553395475,0.44428817811884663,0.44679396485386375,0.4490410999068658,0.45262583606689744,0.45644534030864015,0.45992344797882545,0.46310397325164654,0.4660235405077751,0.4687130009998948,0.4711985272529219,0.4735024676023645,0.4756440200421972,0.4776397684392951,0.4795041128316251,0.4812496174403344,0.48288729418691023,0.4844268352421248,0.4858768049855201,0.4872447994070943,0.4885375792164776,0.48976118158384674,0.490921014410294,0.4920219362334659,0.49306832425890446,0.49406413252599635,0.49501294183818556,0.49591800278653325,0.49678227295610766,0.49760844921260367,0.49839899581178654,0.499156168948957,0.4998820382635709,0.5005785057306779,0.5012473223022985,0.5018901026053111,0.5025083379555957,0.5031034079092508,0.503676590539211,0.5042290715983856,0.5047619527075774,0.5052762586871592,0.5057729441351829,0.5062528993407627,0.5067169556097988,0.5071658900700692,0.5076004300141105,0.5080212568309465,0.5084290095713664,0.5088242881859935,0.5092076564706497,0.5095796447494275,0.5099407523223211,0.5102914497011725,0.5106321806549893,0.510963364083328,0.5112853957343725,0.5115986497825245,0.5119034802787258,0.5122002224853364,0.5124891941061415,0.5127706964209836,0.5130450153335309,0.5133124223398455,0.5135731754246505,0.5138275198915103,0.5140756891325458,0.5143179053427568,0.51455438018355,0.5147853153996335,0.5150109033930625,0.5152313277578633,0.5154467637783613,0.5156573788940565,0.5158633331336343,0.5160647795204788,0.5162618644518474,0.5164547280536793,0.5166435045128501,0.5168283223885208,0.5170093049041062,0.5171865702212516,0.5173602316970994,0.5175303981260245
United States,0.1939160769800993,0.24884715534444368,0.27100197506252693,0.28683355657303616,0.3111067044919591,0.32729259230175944,0.33885579722943565,0.3496957654571164,0.35826536594812325,0.3643862101149355,0.3614849770491092,0.35904391569998606,0.3588690478677266,0.36233890198137153,0.3655765708037934,0.3688371561452292,0.3731414510055142,0.37697984429182585,0.38042409681242967,0.3835319517249629,0.38635039790507225,0.3889180622034432,0.39126699032248213,0.3934239911549556,0.3954116645254627,0.3972491960359732,0.3989529783470687,0.40053710155874006,0.4020137437758128,0.40339348478353104,0.40468555993226857,0.40589806711841475,0.4070381366688882,0.40811207166103936,0.4091254645113205,0.4100832943867522,0.4109900090211034,0.41184959377296587,0.4130332102300109,0.41428260437943315,0.4154717537676068,0.4166049132413894,0.4176859461928165,0.4187183685652668,0.41970538705371524,0.42064993237351084,0.4215546883247718,0.42242211725949735,0.42325448246034186,0.4240538678593246,0.4248221954582016,0.4255612407570751,0.42627264645195556,0.4269579346237073,0.4276185176087291,0.42825570771476296,0.4288707259224769,0.42946470969423256,0.43003871999511195,0.4305937476173822,0.43113071888771265,0.43165050082629786,0.43215390581833185,0.4326416958507712,0.4331145863608657,0.43357324973733163,0.4340183185102069,0.4344503882612088,0.4348700202827569,0.43527774401062136,0.4356740592523702,0.4360594382313333,0.4364343274636624,0.4367991494841713,0.4371543044349819,0.43750017152953474,0.4378371104032214,0.438165462360756,0.43848555152937735,0.4387976859260745,0.4391021584462208,0.43939924778028866,0.4396892192646734,0.4399723256720885,0.44024880794647864,0.44051889588694376,0.44078280878475257,0.4410407560171579,0.44129293760139277,0.4415395447119289,0.4417807601638074,0.44201675886461134,0.4422477082374266,0.44247376861694315,0.44269509362066295,0.4429118304970232,0.4431241204520906,0.4433320989563522,0.443535896033001,0.44373563652900666
